{
  "timestamp": "2025-09-11T08:16:06.535Z",
  "merkle": {
    "count": 1000,
    "avgTime": 0.01642670000000078,
    "minTime": 0.0033999999999991815,
    "maxTime": 1.5980000000000132,
    "avgSize": 320,
    "minSize": 320,
    "maxSize": 320
  },
  "zk": {
    "count": 100,
    "avgTime": 0.00783299999999656,
    "minTime": 0.0027999999999792635,
    "maxTime": 0.07179999999999609,
    "avgSize": 128,
    "minSize": 128,
    "maxSize": 128
  },
  "compression": {
    "count": 100,
    "avgTime": 0.019716000000000237,
    "minTime": 0.004899999999963711,
    "maxTime": 0.31920000000002346,
    "avgSize": 562.36,
    "minSize": 143,
    "maxSize": 1094
  },
  "recommendations": {
    "merkleProofSize": "320 bytes (avg)",
    "zkProofSize": "128 bytes (avg)",
    "merkleVerifyTime": "0.02ms (avg)",
    "zkVerifyTime": "0.01ms (avg)",
    "compressionRatio": "562:1 (avg)"
  }
}
